<?xml version="1.0" encoding="UTF-8"?>
<project-private xmlns="http://www.netbeans.org/ns/project-private/1">
    <editor-bookmarks xmlns="http://www.netbeans.org/ns/editor-bookmarks/2" lastBookmarkId="1">
        <file>
            <url>src/employeemanagementsystem/MainView.java</url>
            <bookmark id="1">
                <name/>
                <line>666</line>
                <key/>
            </bookmark>
        </file>
    </editor-bookmarks>
    <open-files xmlns="http://www.netbeans.org/ns/projectui-open-files/2">
        <group>
            <file>file:/C:/Users/aljon/OneDrive/Desktop/Employee%20Management%20System/EMS/src/employeemanagementsystem/EmployeeManagementSystem.java</file>
            <file>file:/C:/Users/aljon/OneDrive/Desktop/Employee%20Management%20System/EMS/src/employeemanagementsystem/AddEmployeeForm.java</file>
            <file>file:/C:/Users/aljon/OneDrive/Desktop/Employee%20Management%20System/EMS/src/employeemanagementsystem/Home.java</file>
            <file>file:/C:/Users/aljon/OneDrive/Desktop/Employee%20Management%20System/EMS/src/employeemanagementsystem/UI.java</file>
        </group>
    </open-files>
</project-private>
